eventID,poiID,tweetID,text
1,77.0,8.1641257029491098E17,Kids @ Melbourne zoo @ Melbourne Zoo https://t.co/XJ8Q34QMzP
1,77.0,8.164129111743529E17,Penguins @ Melbourne Zoo https://t.co/J2fICOsnyM
1,77.0,8.1641263087324365E17,Giraffes @ Melbourne Zoo https://t.co/VUUCNto2RO
1,77.0,8.1641297204630733E17,Elephants @ Melbourne Zoo https://t.co/XU1DbLmj2e
1,77.0,8.1641311083155046E17,Monkeys ğŸ’ @ Melbourne Zoo https://t.co/AvqKK006Jb
2,35.0,8.1653374456773018E17,"A view of Princes Bridge @ Melbourne, Australia https://t.co/RDdugAGvpe"
2,35.0,8.1653324372594278E17,"Didn't know we Australianized McDonalds too. #travel #Australia #Melbourne @ Melbourne, Australia https://t.co/lDXc0hj7Uy"
2,35.0,8.1653454563798221E17,Pumped to announce the 8th rider to join our group bree.knoester otherwise known asâ€¦ https://t.co/yugaAItu6F
2,35.0,8.1653219846773146E17,Just received an e-mail from the Emirates skywards team with aâ€¦ https://t.co/mXsejZCZuC
2,35.0,8.1653290678072934E17,"He's vandalizing the wall! Should I call the cops? ğŸ¤” #travel #Australia #Melbourne @ Melbourne,â€¦ https://t.co/GeDdjZOIyz"
3,35.0,8.1689991909290803E17,"What a ""hot"" welcome â¤ #heatwave #yarrariver  #summertime #friends #sun #melbourne @ Melbourne,â€¦ https://t.co/azJFoKVTnc"
3,35.0,8.1690015457375437E17,"Just posted a photo @ Melbourne, Australia https://t.co/bGUS6OpCW4"
3,35.0,8.1690126040201216E17,"Just posted a photo @ Melbourne, Australia https://t.co/WJ5J95xmDN"
3,35.0,8.1690060162788557E17,"Just posted a photo @ Melbourne, Australia https://t.co/swoO2ZA1Ln"
3,35.0,8.1689975654693274E17,"Just posted a photo @ Melbourne, Australia https://t.co/puIOI5o0jo"
3,35.0,8.1690203698993562E17,"Just posted a photo @ Melbourne, Australia https://t.co/6gJHavc23K"
4,11.0,8.1982716729505382E17,FILTH @ The Basement Cafe &amp; Bar https://t.co/Hmym6bdXXV
4,11.0,8.1982785522809651E17,Jess @ The Basement Cafe &amp; Bar https://t.co/6IeAI2a9VG
4,11.0,8.1982831550261248E17,Chris Alcoma @ The Basement Cafe &amp; Bar https://t.co/uZI0F7mBxc
4,11.0,8.1982752415071846E17,FILTH @ The Basement Cafe &amp; Bar https://t.co/4r5rU74kdx
4,11.0,8.1982814525161882E17,Chris Alcoma @ The Basement Cafe &amp; Bar https://t.co/bEp5XYcN8v
4,11.0,8.1982797181288858E17,Jess @ The Basement Cafe &amp; Bar https://t.co/zSgSxNhw48
5,11.0,8.1984361356369101E17,Dan Purdey @ The Basement Cafe &amp; Bar https://t.co/1CToJMFfjO
5,11.0,8.1984313425127424E17,Rohan Gilham @ The Basement Cafe &amp; Bar https://t.co/AZNQJ4xzj8
5,11.0,8.1984342270614323E17,Rohan Gilham @ The Basement Cafe &amp; Bar https://t.co/M7ClzWGDNn
5,11.0,8.1984301388735693E17,Rohan Gilham @ The Basement Cafe &amp; Bar https://t.co/fgmn2fWs6E
5,11.0,8.198437872204841E17,Dan Purdey @ The Basement Cafe &amp; Bar https://t.co/ZgcJ1l2O1B
5,11.0,8.1984327812850893E17,Rohan Gilham @ The Basement Cafe &amp; Bar https://t.co/F5gUxqeLzr
6,220.0,8.2017644365719552E17,Also from Admiral Crawford: this incredible steampunk AT-AT! (Or maybe AT-ACT?) #Brickventionâ€¦ https://t.co/eBUfQQ6qM5
6,220.0,8.2017786773664154E17,Mixels on tour - complete with backstage craft services! By Debbie Jane Kendall. #Brickventionâ€¦ https://t.co/HY85Wd7X2g
6,220.0,8.2017709969252352E17,Woah - new favourite: Dungeons &amp; #LEGO by Ookami! #Brickvention #DnD #brickvention2017 @ Royalâ€¦ https://t.co/DxW3UEF8qk
6,220.0,8.2017861261152256E17,So many #LEGO ships! Pirates was always one of my fave themes. #Brickvention #brickvention2017 @â€¦ https://t.co/onbpEZNjP7
6,220.0,8.2017830403239117E17,The Gaze of the Cockatrice by Tim Jones &amp; Dannii Brighton. It's eyes! #Brickvention #LEGOâ€¦ https://t.co/XkmTiJkykB
7,135.0,8.2060864937870131E17,Happy #midsumma #2017 #Melbourneâ¤ Celebrating #gaynessâ¤ #LGBTIğŸŒˆ #beproud #pride #equality #LOVEâ¤â€¦ https://t.co/QgXm9BiKdc
7,135.0,8.2060765941805875E17,Partey Partey Partey! Happy #midsumma ğŸŒˆğŸ’‹ğŸŒˆğŸ’‹ğŸŒˆğŸ’‹ #2017 #Melbourneâ¤ Celebrating ğŸ‰ğŸŠ #gaynessâ¤ #LGBTIğŸŒˆâ€¦ https://t.co/C3lgvHBnwV
7,135.0,8.2060827162293862E17,Tugs tugs tugs #Partey Happy #midsumma #2017 #Melbourneâ¤ Celebrating #gaynessâ¤ #LGBTIğŸŒˆ #beproudâ€¦ https://t.co/t4q86CTMN3
7,135.0,8.2060809278629478E17,"Today was a brilliant day â¤ğŸ˜. @ Alexandra Gardens, Melbourne https://t.co/xQZzbPTIPJ"
7,135.0,8.2060678283373363E17,Happy #midsumma ğŸŒˆğŸ’‹ğŸŒˆğŸ’‹ğŸŒˆğŸ’‹#2017 #Melbourneâ¤ Celebrating #gaynessâ¤ #LGBTIğŸŒˆ #beproud #pride #LOVEâ¤â€¦ https://t.co/NPUJKo1EzZ
8,120.0,8.2094277808344678E17,#rogerfederer #ausopen @ Rod Laver Arena - Australian Open https://t.co/efUYUPkSvh
8,120.0,8.2094276925872538E17,Just posted a photo @ Rod Laver Arena - Australian Open https://t.co/99LuvcVGwX
8,120.0,8.209428235035689E17,What a cheer for #federer at #rodlaverarena #emiratesreturn. excited @ Rod Laver Arena -â€¦ https://t.co/fmU1t71CJ5
8,120.0,8.2094284234027827E17,Well done #angiekerber #australianopen #teamangie #melbourneâ€¦ https://t.co/jz12JDYFPU
8,120.0,8.20942578870784E17,Sssshhhh.... #RogerFederer #ao2017 #ausopen #teampixel #tennisğŸ¾ @ Rod Laver Arena - Australian Open https://t.co/QAWzxn1kMW
8,120.0,8.209421641170944E17,What a cheer for #Federer coming onto #rodlaverarena. Exciting @ Rod Laver Arena - Australian Open https://t.co/WfGLX35Eti
8,120.0,8.2094316697099059E17,"| Little Fluffy Clouds |  
#littlefluffyballs #ausopen #digitaldementia #riseoftheidiots @ Rodâ€¦ https://t.co/WtO3golc5W"
9,121.0,8.2094187422774067E17,Perfect way to finish a tennis day at the #australianopen. Federer on the big screen and theâ€¦ https://t.co/XzjlZuLVa7
9,121.0,8.2094140818609357E17,ausopen day1 @kserter3          Loving the night time vibes ğŸ¾ğŸ‘Œ @â€¦ https://t.co/GppE4FzFwV
9,121.0,8.2094184652433408E17,#aoselfie #kia #sportswhereiam  it's not a summer in Australia without a trip to the Australianâ€¦ https://t.co/qDwTOqDGtu
9,121.0,8.2094265428850278E17,"Great to close out the night with the 17 Time Grand Slam champion, the Fed-Express taking on theâ€¦ https://t.co/Df31Pj5J47"
9,121.0,8.2094237635310387E17,And with that we are gone ... great match @ Australian Open https://t.co/DQpZ2dHEMM
10,122.0,8.2096854709858714E17,Wait... I didn't order a bagel.. Oh genie did ğŸ˜ğŸ˜ she wins the first set 6-0
10,122.0,8.2096844078995456E17,"It took 5 tight sets, but @stanwawrinka is through to the second round of the @australianopen!â€¦ https://t.co/dpFQfBjbWA"
10,122.0,8.2096754765887488E17,5-0 for Genie!!! https://t.co/Moodl3KtKC
10,122.0,8.2096840977306829E17,Go Bouchard!!! You can do it #gocanadağŸ‡¨ğŸ‡¦ #geniebouchard @ Margaretâ€¦ https://t.co/oFhy3U8y1M
10,122.0,8.209665248904192E17,"A quick stop in play for ""bird poop"" to quote miss Bouchard"
11,62.0,8.2126464519753728E17,!!! @ The Book of Mormon - Melbourne https://t.co/xMLbDVJm0I
11,62.0,8.2126478766959002E17,Excitement! #BookofMormon #BookofMormonMelbourne #MelbourneTheatre @ The Book of Mormon - Melbourne https://t.co/JDDu6rAvSC
11,62.0,8.2126480266000384E17,Tonight's bill. THE BOOK OF MORMON. #themormonsarehere #bookofmormonau @ The Book of Mormon -â€¦ https://t.co/9FDRmupLOR
11,62.0,8.2126337479738163E17,BOOK OF MORMON!!!! @ The Book of Mormon - Melbourne https://t.co/Zx06vdnx3M
11,62.0,8.2126517836916326E17,"Oh hai, Kellie Dickerson's head. #frontrow #bookofmormonau #themormonsarehere @ The Book ofâ€¦ https://t.co/HF6Jqw6OHI"
11,62.0,8.2126512663235789E17,Just posted a photo @ The Book of Mormon - Melbourne https://t.co/EXF8AChTjB
12,120.0,8.2131266795669094E17,"So glad to see you winğŸ¤—
Love â¤ for fans djokernole 
We also love you, No1e ğŸ™‹
#djokerberdyâ€¦ https://t.co/f9lRjfspK6"
12,120.0,8.2131152516410982E17,Aus open Day 2. Finally able see my favourite play. #novakdjokovic ğŸ™ŒğŸ½ğŸ™ŒğŸ½ğŸ¾ @ Rod Laver Arena -â€¦ https://t.co/42LxRd9QqL
12,120.0,8.2131328361765274E17,ğŸ’ªğŸ¼ğŸ¾ğŸ’™ #AusOpen #AusOpen2017 @ Rod Laver Arena - Australian Open https://t.co/rayDZjviGi
12,120.0,8.213119279514583E17,ğŸ™ŒğŸ½ @ Rod Laver Arena - Australian Open https://t.co/QTckJthHyJ
12,120.0,8.2131190697999155E17,#AO selfie...now for the women's match ğŸ¾ausopen #day2ausopenâ€¦ https://t.co/U5r4mbtkPQ
13,32.0,8.2131491593168486E17,Philip Ragan @ Arcadia Hotel https://t.co/reeuHsKMTG
13,32.0,8.213141074460713E17,Craig-Lee Smith @ Arcadia Hotel https://t.co/n7eUwBwOF3
13,32.0,8.2131434604324454E17,Craig-Lee Smith @ Arcadia Hotel https://t.co/jWpRfJnuWa
13,32.0,8.2131458368407142E17,Scott Candlish @ Arcadia Hotel https://t.co/YkNZHVq3Rd
13,32.0,8.2131448333958758E17,Scott Candlish @ Arcadia Hotel https://t.co/5bMGgfjfHF
13,32.0,8.2131466758275072E17,Scott Candlish @ Arcadia Hotel https://t.co/1cQweuGkKC
13,32.0,8.2131544127671091E17,Philip Ragan @ Arcadia Hotel https://t.co/aUnhOVXpoL
14,63.0,8.2204807010806989E17,An Australian Wood Duck puffing herself up at the Treasury Gardens in Melbourne #Wood #Duckâ€¦ https://t.co/r61zVq48G0
14,63.0,8.2204841616751002E17,Look at this cute little duckling floating around on the lake at Treasury Gardens #Duck #Birdâ€¦ https://t.co/JWTZqTGyxm
14,63.0,8.2204825591159603E17,Look at this cute little duckling floating around on the lake at Treasury Gardens #Duck #Birdâ€¦ https://t.co/tn6nBY2yWZ
14,63.0,8.2204791497759539E17,An Australian Wood Duck snoozing at the Treasury Gardens in Melbourne #Wood #Duck #Birdâ€¦ https://t.co/dKgpIoLJ92
14,63.0,8.2204765400374477E17,An Australian Wood Duck at the Treasury Gardens in Melbourne #Wood #Duck #Bird #Melbourneâ€¦ https://t.co/XIaWRu5Un3
15,120.0,8.2230429643995136E17,Better then watching tennis in the van ğŸ˜‚ğŸ¾ğŸ¾ğŸ¾ğŸ¾ğŸ¾ğŸ¾ğŸ¾ğŸ¾ğŸ¾ğŸ¾ğŸ¾#roadtrip #nosetotail #mkr #cfassnidgeâ€¦ https://t.co/E0lrv8tYFh
15,120.0,8.2230393180808806E17,Thanks @huxtabler @huxtaburger for shouting us lunch .....ğŸ‘ğŸ» @ Rod Laver Arena - Australian Open https://t.co/tArETHXtJt
15,120.0,8.2230496110288896E17,Selfie with Martina Hingis #AO Selfie #RLA https://t.co/nFxffbMvAy
15,120.0,8.2230337835712102E17,"Not bad seats #australianopen2k17 , thanks @channel7 ğŸ˜˜ @ Rod Laver Arena - Australian Open https://t.co/c9QZoLtYGE"
15,120.0,8.223038314426327E17,"Troicki serving to Wawrinka at the AO, Friday afternoon. If you areâ€¦ https://t.co/H1i9Vtj8rR"
16,65.0,8.2262885391495987E17,#womensmarch #melbourne @ State Library of Victoria https://t.co/szujCcwV6u
16,65.0,8.2262901794167194E17,Huge turnout at the Melbourne Anti-Trump rally. #AustraliaSaysNoToTrump @ State Library of Victoria https://t.co/d1xgvokV07
16,65.0,8.2262847452760883E17,#womensmarch #melbourne @ State Library of Victoria https://t.co/SsQSwiLi9g
16,65.0,8.2262972228691968E17,"Lot's of little girls here. Our future is in good handsğŸ’—ğŸ‘ğŸ‘Š
#WomensMarch #Melbourne @ Stateâ€¦ https://t.co/yYjIhinRva"
16,65.0,8.2262856494005862E17,It seems to be a campaign against Donald Trump. @ State Library of Victoria https://t.co/mVjgdDCdO8
16,65.0,8.2262810543727002E17,#womensmarch  #melbourne @ State Library of Victoria https://t.co/REfBkgGVcy
17,121.0,8.230133815778304E17,Perfect day at the tennis! #ausopen2017ğŸ¾ğŸ‡¦ğŸ‡º @ Australian Open https://t.co/3yxvXFeV2k
17,121.0,8.2301398782256333E17,Flipping out at the Aussie Open! Hahaha #ausopen2017ğŸ¾ğŸ‡¦ğŸ‡º @ Australianâ€¦ https://t.co/lyh7ouciaF
17,121.0,8.2301399760367206E17,Em Melbourne com Sam Groth! #ausopen2017 @ Australian Open https://t.co/OopQsMYADF
17,121.0,8.2301348422083789E17,#RLA #AndyMurray #ao @ Australian Open https://t.co/hUEwUj3U5Y
17,121.0,8.2301308639533056E17,Back at it ğŸ¾ #Australianopen #Melbourne @ Australian Open https://t.co/E06426FlEq
18,35.0,8.2305190967837491E17,"this morning in front of Planetshakers Church in Southbank,â€¦ https://t.co/BDxN7OreKP"
18,35.0,8.230523402950697E17,"@sofitelmelbourn 
@no35restaurant 
#melbourne @ Melbourne, Australia https://t.co/xzzGSJwh2P"
18,35.0,8.2305158537479782E17,"@fiftytwobook Santana and Doobie Brothers at @australianopen (Apr 11, 2017) https://t.co/yrXGmQaeG5 https://t.co/bX3c5NyC1D"
18,35.0,8.230500801355776E17,"Overnights are killing me, take me back to Melb with my fav pls. ğŸ˜“ #Melbourne #bestfriendâ€¦ https://t.co/jU368iihrk"
18,35.0,8.2305043710018355E17,"ACTIVATE ğŸ’ªğŸ½ @uniqlo_au #UNIQLOSPORT #uniqloau @ Melbourne, Australia https://t.co/siRcX1v9On"
18,35.0,8.2305159478680781E17,"About lastnight
#birthdaydinner
#dinnerdate 
@sofitelmelbourn 
@no35restaurant 
ğŸ‘ŒğŸ»ğŸ‘ŒğŸ»ğŸ¸ğŸ¸ @â€¦ https://t.co/84b2DbEf4a"
19,235.0,8.2327463813429658E17,"If you're looking for work in #Melbourne, check out this #job: https://t.co/HGMiXRdWLP #Database #Hiring #CareerArc"
19,235.0,8.2327540531437568E17,"Want to work in #Melbourne, VIC? View our latest opening: https://t.co/iaQOHQTzA9 #Job #DellJobs #IT #Jobs #Hiring #CareerArc"
19,235.0,8.2327513797781094E17,Want to work in #Melbourne? View our latest opening: https://t.co/xCpDN46Yjr #Job #HR #Jobs #Hiring #CareerArc
19,235.0,8.2327580815213773E17,"We're #hiring! Click to apply: Trade Marketing Executive - https://t.co/YaeDtitRFe #Job #Marketing #Melbourne, VIC #Jobs #CareerArc"
19,235.0,8.2327580823186637E17,"Can you recommend anyone for this #job in #Melbourne, Victoria? https://t.co/NGZx5VqviT #ProductMgmt #Hiring #CareerArc"
20,38.0,8.2383950629387059E17,This happened in Melbourne's Main Street. Unbelievable. Sending love to everyoneâ€¦ https://t.co/LfF5YeOhw4
20,38.0,8.2383786385061069E17,Sadness and strength on the streets of Melbourne. #melbourne #sadness #strength #unity #evilâ€¦ https://t.co/KhrOzHF53f
20,38.0,8.2383792370327962E17,Sadness and strength on the streets of Melbourne. #melbourne #sadness #strength #unity #evilâ€¦ https://t.co/GO5xR7KKf8
20,38.0,8.2383780017685709E17,Sadness and strength on the streets of Melbourne. #melbourne #sadness #strength #unity #evilâ€¦ https://t.co/tlCJiZn7BC
20,38.0,8.2383803260840755E17,Sadness and strength on the streets of Melbourne. #melbourne #sadness #strength #unity #evilâ€¦ https://t.co/0Yt4iqclXt
21,32.0,8.2386721993965158E17,"Brad Ellis 
aka The Hunter Express @ Arcadia Hotel https://t.co/A0pXhCetLp"
21,32.0,8.2386769829993267E17,"Brad Ellis 
aka The Hunter Express @ Arcadia Hotel https://t.co/YkoFuWaFnd"
21,32.0,8.2386746193001267E17,"Brad Ellis 
aka The Hunter Express @ Arcadia Hotel https://t.co/9Ysyx9ais3"
21,32.0,8.2386642076535603E17,"Brad Ellis 
aka the Hunter Express @ Arcadia Hotel https://t.co/P3r9C6zlir"
21,32.0,8.2386608739785523E17,"Brad Ellis 
aka The Hunter Express @ Arcadia Hotel https://t.co/9h6gUEaHYq"
22,35.0,8.2408912586742579E17,"Just posted a photo @ Melbourne, Australia https://t.co/4xvzWNuICl"
22,35.0,8.2408720011146035E17,"Just posted a photo @ Melbourne, Australia https://t.co/BntZN4hVoa"
22,35.0,8.2408834557591552E17,This is what happens when one visits his two favourite small goods store north of the river!â€¦ https://t.co/4sj9SUCdrv
22,35.0,8.2408774551339418E17,Oh yes please! More supersonic comedy stars hit the office gallery for @micomfestival #micf2017â€¦ https://t.co/fpYQ6n4e8s
22,35.0,8.2408912075036672E17,"TRIBUTE TO THE VICTIMS OF CRIMINAL HORRON IN MELBOURNE - AUSTRALIA 
#Adeniyiekine #tributeâ€¦ https://t.co/RKLE6HayGb"
23,35.0,8.2442303615369216E17,"No matter what you're doing today, take a moment, pause and reflect. Not just how #lucky we are,â€¦ https://t.co/ZzvQi3BNjz"
23,35.0,8.2442212408972493E17,"#changethedate 
White Australia Has A Black History @ Melbourne, Australia https://t.co/N9jbb5Hiog"
23,35.0,8.2442341023515853E17,Flying into Melbourne for a visit with friends &amp; family for the long weekend     âœˆï¸â¤ğŸ‡¦ğŸ‡º #homeâ€¦ https://t.co/C9WJjLzxJr
23,35.0,8.2442180614872269E17,"So excited! ğŸ˜€ğŸ‡¦ğŸ‡º @alltimelow #alltimelow ğŸ¶ @ Melbourne, Australia https://t.co/JHTej2HVYX"
23,35.0,8.2424175632576102E17,"#fashion #wall #tattoos @ Melbourne, Australia https://t.co/0oItUKn3XZ"
24,130.0,8.2449563499656397E17,"David Hockney @NGV 
#ipad #art #drawing #inspiration @ NGV International https://t.co/ynLWceGT8q"
24,130.0,8.2449631322807091E17,"Life is a killer --
David Hockney @NGV 
#ipad #art #drawing #inspiration @ NGV International https://t.co/v4ocsL6xIv"
24,130.0,8.2449490158893056E17,"David Hockney @NGV 
#ipad #art #drawing #inspiration @ NGV International https://t.co/Qi8dvqVhjq"
24,130.0,8.2449519409556275E17,"David Hockney @NGV 
#ipad #art #drawing #inspiration @ NGV International https://t.co/StfYwuVhLH"
24,130.0,8.244954000904151E17,"David Hockney @NGV 
#ipad #art #drawing #inspiration @ NGV International https://t.co/rLm8NO7hjm"
25,121.0,8.2497931029762458E17,"#DreamFinal #AusOpen 
Australia - where dreams come true! 
rogerfederer @rafaelnadalâ€¦ https://t.co/Ffj5B88eAs"
25,121.0,8.249793197809623E17,#stiamoarrivando #sessionehard @ Australian Open https://t.co/VhoVIJhVrk
25,121.0,8.2497876544495616E17,Yes!!!!! My dream final!!! @ Australian Open https://t.co/WX3T8o7t4E
25,121.0,8.2515959773226598E17,Unreal ... #tennis immortals @ Australian Open https://t.co/gZsoaxO7ee
25,121.0,8.2497886541613056E17,"#vamosRafa #GoForIt @rafaelnadal to the @australianopen final!!!!
#GrandeDeEspaÃ±a lujimmixâ€¦ https://t.co/T61P0p3uCd"
26,35.0,8.2518490719011635E17,"How about a small glass of wine he said... ğŸ· @ Melbourne, Australia https://t.co/ayDK8w8MFf"
26,35.0,8.251848992169001E17,Good start today with a great opponent. Thanks @gbcrowsnest teammates for the sideline help!â€¦ https://t.co/EUuNipQCh5
26,35.0,8.2518447326012621E17,"Create a place that's casual and comfy. A space to relax.

Pictured:
The Marcus sofa with Lineaâ€¦ https://t.co/MJzekrZyGV"
26,35.0,8.2518419779498803E17,"Thank you Australia for a lifetime of a memories ğŸ‡¦ğŸ‡º @ Melbourne,â€¦ https://t.co/8I93ADPLn6"
26,35.0,8.2518502051598746E17,Having a hit ğŸ¾ in the middle of the city with buildings surrounding you makes you feel on top ofâ€¦ https://t.co/wDxcMmBMjm
27,120.0,8.2525521067940659E17,"Yes bitches women's final (at @RodLaverArena in Melbourne, VIC) https://t.co/s0QjryccEV"
27,120.0,8.2525542106995098E17,Women singles final #australianopen   #tennisğŸ¾ #williamssisters #venuswilliams #serenawilliamsâ€¦ https://t.co/7rfi8xGIAE
27,120.0,8.2525551271542784E17,Who will hoist it? #Venus or #Serena? Stay tuned...#usta @ Rod Laver Arena - Australian Open https://t.co/vJFJ07UU6G
27,120.0,8.2525597090120909E17,Opening of the roof!! #australianopen #womenstennis #tennisğŸ¾ #serenawilliams #venuswilliamsâ€¦ https://t.co/qv0KxSW3Q2
27,120.0,8.2525678923513446E17,#shitseats #australianopen #womensfinal #vip @ Rod Laver Arena -â€¦ https://t.co/kZEerB4WlF
28,120.0,8.2526376408160666E17,@australianopen #ausopen loving the WILLIAMS sisters grand finalâ€¦ https://t.co/QIU5rg1Tj8
28,120.0,8.2526265393313382E17,Serena Williams vs Venus Williams (with Vqar at @australianopen) [pic] â€” https://t.co/K0Ohvi2Hnz
28,120.0,8.2526318902994534E17,History ! #ao2017 #williamssisters @ Rod Laver Arena - Australian Open https://t.co/MNLQu5i3ZU
28,120.0,8.2526264622830387E17,Poetry in motion from @serenawilliams #melbourne #greatness @australianopen tennisaustralia @â€¦ https://t.co/N0YmfGtnPU
28,120.0,8.2526238853450547E17,Hope Serena found some inspiration from my aerial #aerialphotography #ausopen2017 #ausopenâ€¦ https://t.co/T4iLjGvaoY
28,120.0,8.2526321196446106E17,Old mate kirstykassabis &amp; I watching a little family game of tennis tonight ğŸ¾ #ausopen #ao @ Rodâ€¦ https://t.co/7SzKrw4XoD
29,120.0,8.2527301094069043E17,"Women's Final. Thanks @little_chief!! 
.
.
#ao #ausopen #ausopen2017 #womensfinal #rla #tennisâ€¦ https://t.co/ez4ax8DS54"
29,120.0,8.2527265788095283E17,I wonder what if #anything #serenawilliams &amp; #venuswilliams talk about before #playing eachâ€¦ https://t.co/mz9kqWp1Pa
29,120.0,8.2527237543653786E17,.@serenawilliams takes opening set 6-4 #usta @ Rod Laver Arena - Australian Open https://t.co/IScA6N33OE
29,120.0,8.2527383877465702E17,"Venus, Serena, Rod Laver Arena.
Won tickets in raffle ...
can't make that a rhyme right now.â€¦ https://t.co/396oeu0p3v"
29,120.0,8.2527451014013747E17,"Smashed Oreo, Salted Caramel mousse, chocolate cremeux, Chocolate glacage for theâ€¦ https://t.co/6qJhxVujqV"
29,120.0,8.2527332439361946E17,This is going to be a great match. Go Williams' sisters! #AustralianOpen #Venus vs #Serena ğŸ¾ @â€¦ https://t.co/jWjH30nRoq
30,38.0,8.2544687342297907E17,#busker #streetstyle #melbourne #bourkestreet #music @ Bourkeâ€¦ https://t.co/XlJGAWhR8o
30,38.0,8.254471613913088E17,#busker #streetstyle #melbourne #bourkestreet #music @ Bourkeâ€¦ https://t.co/u8JDd3zAI5
30,38.0,8.2544701238859366E17,#busker #streetstyle #melbourne #bourkestreet #music @ Bourkeâ€¦ https://t.co/G8wO3066c0
30,38.0,8.254464707403817E17,"#bourkestreet #tragedy #mourning #melbourne @ Bourke Street, Melbourne https://t.co/wAXhCPeBik"
30,38.0,8.2544693692472934E17,#busker #streetstyle #melbourne #bourkestreet #music @ Bourkeâ€¦ https://t.co/xduwpI5eKg
30,38.0,8.2544679707406336E17,#busker #streetstyle #melbourne #bourkestreet #music @ Bourkeâ€¦ https://t.co/uldSfcjyw0
31,235.0,8.2544949479581696E17,This #job might be a great fit for you: Graduate Recruitment Analyst (6 month contract) - https://t.co/xCpDN46Yjr #HR #Melbourne #Hiring
31,235.0,8.2544900070679347E17,Can you recommend anyone for this #job in #Melbourne? https://t.co/HGMiXRdWLP #Database #Hiring #CareerArc
31,235.0,8.2545016646332416E17,We're #hiring! Read about our latest #job opening here: General Expression of Interest - https://t.co/c6WBkLJ0zY #Melbourne #CareerArc
31,235.0,8.254497688138793E17,"Can you recommend anyone for this #job in #Melbourne, VIC? https://t.co/iaQOHQTzA9 #DellJobs #IT #Hiring #CareerArc"
31,235.0,8.2545021898015539E17,"Want to work in #Melbourne, VIC? View our latest opening: https://t.co/YaeDtitRFe #Job #Marketing #Jobs #Hiring #CareerArc"
32,120.0,8.2561964711019315E17,#ausopen2017 #borisbecker #lengendary @ Rod Laver Arena - Australian Open https://t.co/teiOzQ1jEn
32,120.0,8.2562170526344397E17,All aboard the Fed Express!! #ausopen2017 @ Rod Laver Arena - Australian Open https://t.co/TVrDW9hj1h
32,120.0,8.25619967030784E17,"As the 17th seed, at the 18th time of asking, 18 slams after you wonâ€¦ https://t.co/wrpWtWntUr"
32,120.0,8.2562153330968986E17,We both love Roger Federer and Rafael Nadal but for today we will rooting for Roger Federer .â€¦ https://t.co/sSGZOtPXqY
32,120.0,8.256206518053929E17,"""Darkness cannot drive out darkness: only light can do that. Hateâ€¦ https://t.co/udvsLnGh07"
32,120.0,8.256202990183383E17,I was so hoping to see that charming chap Kyrgios but 'spose this'll do. #ausopen @ Rod Laverâ€¦ https://t.co/qAOaUzOzU1
32,120.0,8.2562165879476224E17,#ausopen #aoselfie @ Rod Laver Arena - Australian Open https://t.co/2pQdny2qnF
33,120.0,8.2563261673269248E17,#AustralianOpen2017 FINALS!ğŸ¾ Exciting timesğŸ¤— WoohooooğŸ‰ Rooting for Federerâœ… #EmiratesReturnâ€¦ https://t.co/Zb8J55C1o8
33,120.0,8.256326318994391E17,At the Australian Open! Rafa v Fedex. #achievementunlocked #grandslam #oz #tennisâ€¦ https://t.co/WaDpqss0dS
33,120.0,8.2563251744945357E17,At the #ausopen #kiatennis @ Rod Laver Arena - Australian Open https://t.co/dwG0XoiE3g
33,120.0,8.2563280559815066E17,1st set #Roger @ Rod Laver Arena - Australian Open https://t.co/sWzSCGYll9
33,120.0,8.2563356397871514E17,kangahiking enjoying a rush of fame with her fabulous sign tonightâ€¦ https://t.co/JAvx1Sbg5N
34,120.0,8.2567981857435238E17,FED does it .. 2017 Australian Open Mens Champion #australianopen #tennis #mensfinalâ€¦ https://t.co/JVw76C1eLX
34,120.0,8.2567974718315725E17,kangahiking beside herself with glee #federer4ever #ausopen @ Rodâ€¦ https://t.co/UJXS8yQ1PD
34,120.0,8.2567968327860634E17,WoooohooooğŸ‰ Roger Federer wins 2017 Australian Open ğŸ¾âœ… so so happyğŸ¤— #A017 #AustralianOpen2017â€¦ https://t.co/8STeHD9959
34,120.0,8.2567806142954291E17,Tennis at the moment... ğŸ¾ğŸğŸ¾ğŸğŸ˜³ #nadalvsfederer #rafa #nadal #roger #federer @ Rod Laver Arena -â€¦ https://t.co/f1s4KI52UA
34,120.0,8.2567984575771034E17,Absolutely incredible. CONGRATS #Roger @australianopen #Champion @ Rod Laver Arena - Australianâ€¦ https://t.co/r2wC6PU8ps
35,121.0,8.2568133182056038E17,Rooooogggeeeeerrrr #RF #rogerfederer #federernadal #australianopen #ausopen #wilsonâ€¦ https://t.co/34auKxaJyD
35,121.0,8.25681856129536E17,KING ROGER IS BACKğŸ†ğŸ¾!!! Congratulations to the 2017 @australianopen champion rogerfederer 6-4â€¦ https://t.co/gXV0VUrenC
35,121.0,8.2568149953389363E17,Roger Federer's name can be added to the #ausopen Men's Single Cup! What a match - bravoâ€¦ https://t.co/avaGmkxjNX
35,121.0,8.2568040511427379E17,#grandeRoger #grandeRafa #final #australianopen @ Australian Open https://t.co/4azZ2od5Ey
35,121.0,8.2568165950903501E17,Well played @Rafaelnadal  epic match Congo rogerfederer for winning #AustraliaOpen2017â€¦ https://t.co/wMiDEMachY
35,121.0,8.256800215703511E17,An amazing match between rogerfederer and @rafaelnadal at the @australianopen. A match for theâ€¦ https://t.co/AGcIeRfgaU
35,121.0,8.2568200778713088E17,"ğŸ† Roger is the man ğŸ†
knappe overwinning rogerfedererâ€¦ https://t.co/4G82KLv7tP"
35,121.0,8.2568090002538086E17,#champion #federer #the_best @ Australian Open https://t.co/PT4fuXkgqQ
35,121.0,8.2567996982525542E17,He's done it !!!! Roger Federer's 18th Grand Slam !!! True Legend... the biggest of them all !!!â€¦ https://t.co/pY088Kaq8E
35,121.0,8.2568170286542438E17,Just peRFect!!! @ Australian Open https://t.co/HpuXJ5b35U
36,120.0,8.2568556473738445E17,"The King is Back!!!
#RogerFederer @ Rod Laver Arena - Australian Open https://t.co/dbUOsIt93C"
36,120.0,8.2568602590113382E17,"Roger Federer You Beauty
#RogerFederer @ Rod Laver Arena -â€¦ https://t.co/26eJvj8kDu"
36,120.0,8.2568726974293197E17,I don't even need to say. You know. rogerfederer #GOAT #ausopen @â€¦ https://t.co/Qndap5vr0S
36,120.0,8.2568671241214362E17,And My Most Favorite Athlete of All Times is Back in Business...â€¦ https://t.co/P0DWFEGEbT
36,120.0,8.2568726033507533E17,Lined up for hours to get a chance to watch the great Roger Federer at Rod Laver Arena 4 yearsâ€¦ https://t.co/KTCSyWqRvm
36,120.0,8.2568606556664627E17,R O G E R ğŸ† @ Rod Laver Arena https://t.co/a43Cbmzx9O
37,120.0,8.2569410082125824E17,#federer #champion #rodlaverarena #MensFinal #ausopen #australianopen #trophy @ Rod Laver Arenaâ€¦ https://t.co/xRZHxNn36l
37,120.0,8.2569371664397926E17,#australianopen #ausopen #MensFinal #rodlaverarena #federer #champion @ Rod Laver Arena -â€¦ https://t.co/P0KkEsbwxM
37,120.0,8.2569271206622822E17,Wowww I can't believe rogerfedererâ€¦ https://t.co/S0O7C1jKiJ
37,120.0,8.2569293286699008E17,#nadal #rodlaverarena #MensFinal #ausopen #australianopen @ Rod Laver Arena - Australian Open https://t.co/ZFySpOaV3S
37,120.0,8.2569272225840742E17,"#champ  is back
18th #grandslam 
#rogerfederer ğŸ˜˜ğŸ˜ğŸ’ª
#goodolddays ğŸ™ŒğŸ™ŒğŸ˜‰âœŒ
#federerlove @ Rod Laverâ€¦ https://t.co/sgkIJ0VTiv"
38,35.0,8.2622480918085632E17,"@SydneyFC Thanks for the photo, Matty! :) #SydneyIsSkyBlue #WeAreSydney @ Melbourne, Australia https://t.co/IfZWt1nCse"
38,35.0,8.2622505799957299E17,"@SydneyFC Brosquey! :) #SydneyIsSkyBlue #WeAreSydney @ Melbourne, Australia https://t.co/0ZD9h9K9y0"
38,35.0,8.2622448085075968E17,"@vuka20 Thanks for the photo, Vuka! You're playing great :) a nice guy too! #SydneyIsSkyBlueâ€¦ https://t.co/7TOft29Mws"
38,35.0,8.2622361146793574E17,Even under concrete seeds find a way to breakthrough. #breakthrough #instadaily #instatruthâ€¦ https://t.co/yuQQk0FFbn
38,35.0,8.2622591473649664E17,davidcarney_17 joshbrillante here with Super Dave and Josh! :) #SydneyIsSkyBlue #WeAreSydney @â€¦ https://t.co/5D6FYz78eD
38,35.0,8.2622535064867226E17,"@SydneyFC nice to chat with you, Wilko! :) #SydneyIsSkyBlue #WeAreSydney @ Melbourne, Australia https://t.co/dANT8aTCId"
38,35.0,8.262241743561687E17,"With Graham ""Arnie"" Arnold :) #SydneyIsSkyBlue #WeAreSydney @ Melbourne, Australia https://t.co/6MRrEYUUxW"
38,35.0,8.2622562842483507E17,"joshbrillante thanks for the pic and chat, Josh! :)ğŸ‘ #SydneyIsSkyBlue #WeAreSydney @ Melbourne,â€¦ https://t.co/rfLYFETCP9"
